helper,player,date,opponent,home_away,pa,ab,hits,doubles,triples,hr,bb,hbp,sf,r,rbi,pa_vs_r,ab_vs_r,h_vs_r,hr_vs_r,bb_vs_r,hbp_vs_r,sf_vs_r,pa_vs_l,ab_vs_l,h_vs_l,hr_vs_l,bb_vs_l,hbp_vs_l,sf_vs_l,team_h,team_ab
Bryce Harper 46107,Bryce Harper,3/26/2026,TEX,Home,4,4,0,0,0,0,0,0,0,0,0,3,3,0,0,0,0,0,1,1,0,0,0,0,0,10,34
J.T. Realmuto 46107,J.T. Realmuto,3/26/2026,TEX,Home,4,3,0,0,0,0,0,1,0,0,0,3,2,0,0,0,1,0,1,1,0,0,0,0,0,0,0
Kyle Schwarber 46107,Kyle Schwarber,3/26/2026,TEX,Home,4,4,1,0,0,1,0,0,0,1,2,3,3,1,1,0,0,0,1,1,0,0,0,0,0,0,0
Trea Turner 46107,Trea Turner,3/26/2026,TEX,Home,4,4,2,0,0,0,0,0,0,2,0,3,3,2,0,0,0,0,1,1,0,0,0,0,0,0,0
Bryce Harper 46109,Bryce Harper,3/28/2026,TEX,Home,5,5,1,0,0,0,0,0,0,0,1,0,0,0,0,0,0,0,5,5,1,0,0,0,0,5,36
J.T. Realmuto 46109,J.T. Realmuto,3/28/2026,TEX,Home,4,4,1,0,0,0,0,0,0,1,0,3,3,1,0,0,0,0,1,1,0,0,0,0,0,0,0
Kyle Schwarber 46109,Kyle Schwarber,3/28/2026,TEX,Home,5,5,0,0,0,0,0,0,0,0,0,0,0,0,0,0,0,0,5,5,0,0,0,0,0,0,0
Trea Turner 46109,Trea Turner,3/28/2026,TEX,Home,5,5,0,0,0,0,0,0,0,0,0,2,2,0,0,0,0,0,3,3,0,0,0,0,0,0,0
Bryce Harper 46110,Bryce Harper,3/29/2026,TEX,Home,4,2,0,0,0,0,2,0,0,1,0,1,0,0,0,1,0,0,3,2,0,0,1,0,0,3,27
J.T. Realmuto 46110,J.T. Realmuto,3/29/2026,TEX,Home,4,2,0,0,0,0,2,0,0,0,0,2,1,0,0,1,0,0,2,1,0,0,1,0,0,0,0
Kyle Schwarber 46110,Kyle Schwarber,3/29/2026,TEX,Home,4,4,1,0,0,0,0,0,0,0,0,1,1,0,0,0,0,0,3,3,1,0,0,0,0,0,0
Trea Turner 46110,Trea Turner,3/29/2026,TEX,Home,5,4,0,0,0,0,1,0,0,1,0,1,1,0,0,0,0,0,4,3,0,0,1,0,0,0,0
Bryce Harper 46111,Bryce Harper,3/30/2026,WSH,Home,5,5,0,0,0,0,0,0,0,0,0,2,2,0,0,0,0,0,3,3,0,0,0,0,0,7,35
Kyle Schwarber 46111,Kyle Schwarber,3/30/2026,WSH,Home,5,3,0,0,0,0,1,1,0,0,0,2,1,0,0,1,0,0,3,2,0,0,0,1,0,0,0
Trea Turner 46111,Trea Turner,3/30/2026,WSH,Home,5,5,1,1,0,0,0,0,0,0,0,2,2,0,0,0,0,0,3,3,1,0,0,0,0,0,0
Bryce Harper 46112,Bryce Harper,3/31/2026,WSH,Home,4,4,1,0,0,0,0,0,0,0,1,2,2,0,0,0,0,0,2,2,1,0,0,0,0,7,30
J.T. Realmuto 46112,J.T. Realmuto,3/31/2026,WSH,Home,3,3,0,0,0,0,0,0,0,0,0,3,3,0,0,0,0,0,0,0,0,0,0,0,0,0,0
Kyle Schwarber 46112,Kyle Schwarber,3/31/2026,WSH,Home,4,3,1,0,0,1,1,0,0,1,1,2,1,1,1,1,0,0,2,2,0,0,0,0,0,0,0
Trea Turner 46112,Trea Turner,3/31/2026,WSH,Home,4,4,1,0,0,0,0,0,0,0,0,2,2,1,0,0,0,0,2,2,0,0,0,0,0,0,0
Bryce Harper 46113,Bryce Harper,4/1/2026,WSH,Home,5,5,1,0,0,1,0,0,0,1,1,3,3,0,0,0,0,0,2,2,1,1,0,0,0,12,38
J.T. Realmuto 46113,J.T. Realmuto,4/1/2026,WSH,Home,5,3,2,0,0,1,1,1,0,1,1,5,3,2,1,1,1,0,0,0,0,0,0,0,0,0,0
Kyle Schwarber 46113,Kyle Schwarber,4/1/2026,WSH,Home,5,3,1,1,0,0,1,1,0,0,1,3,2,1,0,0,1,0,2,1,0,0,1,0,0,0,0
Trea Turner 46113,Trea Turner,4/1/2026,WSH,Home,5,4,1,0,0,0,1,0,0,2,0,5,4,1,0,1,0,0,0,0,0,0,0,0,0,0,0
Bryce Harper 46115,Bryce Harper,4/3/2026,COL,Away,4,3,2,1,0,1,1,0,0,2,1,4,3,2,1,1,0,0,0,0,0,0,0,0,0,13,40
J.T. Realmuto 46115,J.T. Realmuto,4/3/2026,COL,Away,4,4,1,1,0,0,0,0,0,1,0,4,4,1,0,0,0,0,0,0,0,0,0,0,0,0,0
Kyle Schwarber 46115,Kyle Schwarber,4/3/2026,COL,Away,5,3,1,0,0,1,2,0,0,2,1,5,3,1,1,2,0,0,0,0,0,0,0,0,0,0,0
Trea Turner 46115,Trea Turner,4/3/2026,COL,Away,4,4,3,1,0,0,0,0,0,2,1,4,4,3,0,0,0,0,0,0,0,0,0,0,0,0,0
Bryce Harper 46116,Bryce Harper,4/4/2026,COL,Away,4,4,0,0,0,0,0,0,0,0,0,3,3,0,0,0,0,0,1,1,0,0,0,0,0,7,34
J.T. Realmuto 46116,J.T. Realmuto,4/4/2026,COL,Away,4,3,0,0,0,0,1,0,0,0,0,4,3,0,0,1,0,0,0,0,0,0,0,0,0,0,0
Kyle Schwarber 46116,Kyle Schwarber,4/4/2026,COL,Away,5,4,1,1,0,0,1,0,0,0,1,4,3,0,0,1,0,0,1,1,1,0,0,0,0,0,0
Trea Turner 46116,Trea Turner,4/4/2026,COL,Away,5,4,2,1,0,0,1,0,0,1,1,4,4,2,0,0,0,0,1,0,0,0,1,0,0,0,0
Bryce Harper 46117,Bryce Harper,4/5/2026,COL,Away,4,4,0,0,0,0,0,0,0,0,0,3,3,0,0,0,0,0,1,1,0,0,0,0,0,6,34
Kyle Schwarber 46117,Kyle Schwarber,4/5/2026,COL,Away,4,3,0,0,0,0,1,0,0,0,0,3,2,0,0,1,0,0,1,1,0,0,0,0,0,0,0
Trea Turner 46117,Trea Turner,4/5/2026,COL,Away,4,4,1,1,0,0,0,0,0,0,0,3,3,1,0,0,0,0,1,1,0,0,0,0,0,0,0
Bryce Harper 46118,Bryce Harper,4/6/2026,SF,Away,5,4,3,2,0,0,1,0,0,1,3,3,3,2,0,0,0,0,2,1,1,0,1,0,0,11,35
J.T. Realmuto 46118,J.T. Realmuto,4/6/2026,SF,Away,4,3,2,0,0,0,1,0,0,1,0,4,3,2,0,1,0,0,0,0,0,0,0,0,0,0,0
Kyle Schwarber 46118,Kyle Schwarber,4/6/2026,SF,Away,5,3,0,0,0,0,2,0,0,1,0,3,2,0,0,1,0,0,2,1,0,0,1,0,0,0,0
Trea Turner 46118,Trea Turner,4/6/2026,SF,Away,5,5,1,0,0,0,0,0,0,1,1,4,4,1,0,0,0,0,1,1,0,0,0,0,0,0,0
Bryce Harper 46119,Bryce Harper,4/7/2026,SF,Away,4,2,1,0,0,0,2,0,0,0,0,1,0,0,0,1,0,0,3,2,1,0,1,0,0,4,31
Kyle Schwarber 46119,Kyle Schwarber,4/7/2026,SF,Away,4,4,1,0,0,0,0,0,0,0,0,1,1,0,0,0,0,0,3,3,1,0,0,0,0,0,0
Trea Turner 46119,Trea Turner,4/7/2026,SF,Away,4,4,1,0,0,0,0,0,0,0,0,1,1,1,0,0,0,0,3,3,0,0,0,0,0,0,0
Bryce Harper 46120,Bryce Harper,4/8/2026,SF,Away,4,3,1,0,0,0,1,0,0,0,0,4,3,1,0,1,0,0,0,0,0,0,0,0,0,4,31
Kyle Schwarber 46120,Kyle Schwarber,4/8/2026,SF,Away,4,2,1,0,0,0,2,0,0,0,0,4,2,1,0,2,0,0,0,0,0,0,0,0,0,0,0
Trea Turner 46120,Trea Turner,4/8/2026,SF,Away,4,3,0,0,0,0,1,0,0,0,0,4,3,0,0,1,0,0,0,0,0,0,0,0,0,0,0
Bryce Harper 46122,Bryce Harper,4/10/2026,AZ,Home,4,4,2,1,0,0,0,0,0,1,1,4,4,2,0,0,0,0,0,0,0,0,0,0,0,7,33
J.T. Realmuto 46122,J.T. Realmuto,4/10/2026,AZ,Home,4,4,1,1,0,0,0,0,0,0,0,4,4,1,0,0,0,0,0,0,0,0,0,0,0,0,0
Kyle Schwarber 46122,Kyle Schwarber,4/10/2026,AZ,Home,5,4,0,0,0,0,1,0,0,1,0,5,4,0,0,1,0,0,0,0,0,0,0,0,0,0,0
Trea Turner 46122,Trea Turner,4/10/2026,AZ,Home,5,5,1,0,0,0,0,0,0,1,0,5,5,1,0,0,0,0,0,0,0,0,0,0,0,0,0
Bryce Harper 46123,Bryce Harper,4/11/2026,AZ,Home,4,3,1,0,0,1,1,0,0,1,1,4,3,1,1,1,0,0,0,0,0,0,0,0,0,5,30
J.T. Realmuto 46123,J.T. Realmuto,4/11/2026,AZ,Home,4,4,0,0,0,0,0,0,0,0,0,4,4,0,0,0,0,0,0,0,0,0,0,0,0,0,0
Kyle Schwarber 46123,Kyle Schwarber,4/11/2026,AZ,Home,4,4,1,0,0,1,0,0,0,1,3,4,4,1,1,0,0,0,0,0,0,0,0,0,0,0,0
Trea Turner 46123,Trea Turner,4/11/2026,AZ,Home,4,4,0,0,0,0,0,0,0,0,0,4,4,0,0,0,0,0,0,0,0,0,0,0,0,0,0
Bryce Harper 46124,Bryce Harper,4/12/2026,AZ,Home,4,3,2,1,0,0,1,0,0,0,1,4,3,2,0,1,0,0,0,0,0,0,0,0,0,10,34
Kyle Schwarber 46124,Kyle Schwarber,4/12/2026,AZ,Home,4,4,2,1,0,0,0,0,0,1,0,4,4,2,0,0,0,0,0,0,0,0,0,0,0,0,0
Trea Turner 46124,Trea Turner,4/12/2026,AZ,Home,4,4,2,0,0,1,0,0,0,1,2,4,4,2,1,0,0,0,0,0,0,0,0,0,0,0,0
Bryce Harper 46125,Bryce Harper,4/13/2026,CHC,Home,4,3,1,0,0,0,1,0,0,2,0,3,3,1,0,0,0,0,1,0,0,0,1,0,0,15,38
J.T. Realmuto 46125,J.T. Realmuto,4/13/2026,CHC,Home,5,5,3,0,0,0,0,0,0,0,3,3,3,2,0,0,0,0,2,2,1,0,0,0,0,0,0
Kyle Schwarber 46125,Kyle Schwarber,4/13/2026,CHC,Home,5,3,2,0,0,2,1,1,0,4,3,3,2,2,2,1,0,0,2,1,0,0,0,1,0,0,0
Trea Turner 46125,Trea Turner,4/13/2026,CHC,Home,4,4,1,0,0,0,0,0,0,1,0,4,4,1,0,0,0,0,0,0,0,0,0,0,0,0,0
Bryce Harper 46126,Bryce Harper,4/14/2026,CHC,Home,4,4,0,0,0,0,0,0,0,0,0,2,2,0,0,0,0,0,2,2,0,0,0,0,0,8,34
J.T. Realmuto 46126,J.T. Realmuto,4/14/2026,CHC,Home,4,4,2,0,0,0,0,0,0,1,0,3,3,2,0,0,0,0,1,1,0,0,0,0,0,0,0
Kyle Schwarber 46126,Kyle Schwarber,4/14/2026,CHC,Home,4,4,1,0,0,0,0,0,0,0,0,2,2,0,0,0,0,0,2,2,1,0,0,0,0,0,0
Trea Turner 46126,Trea Turner,4/14/2026,CHC,Home,4,4,1,0,0,0,0,0,0,0,1,3,3,1,0,0,0,0,1,1,0,0,0,0,0,0,0
Bryce Harper 46127,Bryce Harper,4/15/2026,CHC,Home,4,4,1,0,0,1,0,0,0,1,1,0,0,0,0,0,0,0,4,4,1,1,0,0,0,5,32
J.T. Realmuto 46127,J.T. Realmuto,4/15/2026,CHC,Home,2,2,0,0,0,0,0,0,0,0,0,0,0,0,0,0,0,0,2,2,0,0,0,0,0,0,0
Kyle Schwarber 46127,Kyle Schwarber,4/15/2026,CHC,Home,4,4,0,0,0,0,0,0,0,0,0,0,0,0,0,0,0,0,4,4,0,0,0,0,0,0,0
Trea Turner 46127,Trea Turner,4/15/2026,CHC,Home,3,2,1,0,0,1,1,0,0,1,1,0,0,0,0,0,0,0,3,2,1,1,1,0,0,0,0
Bryce Harper 46129,Bryce Harper,4/17/2026,ATL,Home,4,4,3,0,0,0,0,0,0,0,0,0,0,0,0,0,0,0,4,4,3,0,0,0,0,6,33
J.T. Realmuto 46129,J.T. Realmuto,4/17/2026,ATL,Home,4,4,2,0,0,0,0,0,0,0,0,0,0,0,0,0,0,0,4,4,2,0,0,0,0,0,0
Kyle Schwarber 46129,Kyle Schwarber,4/17/2026,ATL,Home,4,4,0,0,0,0,0,0,0,0,0,0,0,0,0,0,0,0,4,4,0,0,0,0,0,0,0
Trea Turner 46129,Trea Turner,4/17/2026,ATL,Home,5,4,1,0,0,0,1,0,0,0,0,0,0,0,0,0,0,0,5,4,1,0,1,0,0,0,0
Bryce Harper 46130,Bryce Harper,4/18/2026,ATL,Home,4,4,0,0,0,0,0,0,0,0,0,1,1,0,0,0,0,0,3,3,0,0,0,0,0,5,31
J.T. Realmuto 46130,J.T. Realmuto,4/18/2026,ATL,Home,2,0,0,0,0,0,0,0,0,0,0,0,0,0,0,0,0,0,2,2,0,0,0,0,0,0,0
Kyle Schwarber 46130,Kyle Schwarber,4/18/2026,ATL,Home,4,4,1,0,0,0,0,0,0,0,0,0,0,0,0,0,0,0,4,4,1,0,0,0,0,0,0
Trea Turner 46130,Trea Turner,4/18/2026,ATL,Home,4,4,1,0,0,0,0,0,0,0,0,0,0,0,0,0,0,0,4,4,1,0,0,0,0,0,0
Bryce Harper 46131,Bryce Harper,4/19/2026,ATL,Home,4,3,1,0,0,0,1,0,0,0,0,2,1,1,0,1,0,0,2,2,0,0,0,0,0,6,33
Kyle Schwarber 46131,Kyle Schwarber,4/19/2026,ATL,Home,5,4,1,1,0,1,1,0,0,1,2,3,3,1,1,0,0,0,2,1,1,0,1,0,0,0,0
Trea Turner 46131,Trea Turner,4/19/2026,ATL,Home,5,5,1,0,0,0,0,0,0,1,0,4,4,1,0,0,0,0,1,1,0,0,0,0,0,0,0
Bryce Harper 46132,Bryce Harper,4/20/2026,CHC,Away,4,3,1,0,0,0,1,0,0,0,0,3,3,1,0,0,0,0,1,0,0,0,1,0,0,6,33
Kyle Schwarber 46132,Kyle Schwarber,4/20/2026,CHC,Away,5,0,0,0,0,0,0,0,0,0,0,4,4,0,0,0,0,0,1,1,0,0,0,0,0,0,0
Trea Turner 46132,Trea Turner,4/20/2026,CHC,Away,5,4,0,0,0,0,1,0,0,0,0,5,4,0,0,1,0,0,0,0,0,0,0,0,0,0,0
Bryce Harper 46133,Bryce Harper,4/21/2026,CHC,Away,4,4,1,0,0,1,1,0,0,1,2,0,0,0,0,0,0,0,4,4,1,1,0,0,0,6,34
J.T. Realmuto 46133,J.T. Realmuto,4/21/2026,CHC,Away,4,4,0,0,0,0,0,0,0,0,0,1,1,0,0,0,0,0,3,3,0,0,0,0,0,0,0
Kyle Schwarber 46133,Kyle Schwarber,4/21/2026,CHC,Away,4,3,1,0,0,1,1,0,0,2,1,0,0,0,0,0,0,0,4,3,1,1,1,0,0,0,0
Trea Turner 46133,Trea Turner,4/21/2026,CHC,Away,5,4,0,0,0,0,1,0,0,0,0,0,0,0,0,0,0,0,5,4,0,0,1,0,0,0,0
Bryce Harper 46134,Bryce Harper,4/22/2026,CHC,Away,4,4,0,0,0,0,0,0,0,0,0,2,2,0,0,0,0,0,2,2,0,0,0,0,0,9,36
Kyle Schwarber 46134,Kyle Schwarber,4/22/2026,CHC,Away,4,4,0,0,0,0,0,0,0,0,0,1,1,0,0,0,0,0,3,3,0,0,0,0,0,0,0
Trea Turner 46134,Trea Turner,4/22/2026,CHC,Away,4,4,1,1,0,0,0,0,0,0,0,2,2,1,0,0,0,0,2,2,0,0,0,0,0,0,0
Bryce Harper 46135,Bryce Harper,4/23/2026,CHC,Away,5,4,1,0,0,0,1,0,0,0,0,3,3,1,0,0,0,0,2,1,0,0,1,0,0,8,38
Kyle Schwarber 46135,Kyle Schwarber,4/23/2026,CHC,Away,5,4,0,0,0,0,1,0,0,0,0,3,3,0,0,0,0,0,2,1,0,0,1,0,0,0,0
Trea Turner 46135,Trea Turner,4/23/2026,CHC,Away,5,4,0,0,0,0,1,0,0,0,0,4,4,0,0,0,0,0,1,0,0,0,1,0,0,0,0
Bryce Harper 46136,Bryce Harper,4/24/2026,ATL,Away,5,5,1,0,0,1,0,0,0,0,0,4,4,1,1,0,0,0,1,1,0,0,0,0,0,10,37
Kyle Schwarber 46136,Kyle Schwarber,4/24/2026,ATL,Away,5,4,0,0,0,0,1,0,0,0,0,4,3,0,0,1,0,0,1,1,0,0,0,0,0,0,0
Trea Turner 46136,Trea Turner,4/24/2026,ATL,Away,5,3,1,0,0,1,2,0,0,0,0,5,3,1,1,2,0,0,0,0,0,0,0,0,0,0,0
Bryce Harper 46137,Bryce Harper,4/25/2026,ATL,Away,5,3,2,0,0,0,1,0,1,2,4,3,2,1,0,1,0,0,2,1,1,0,0,0,1,11,40
Kyle Schwarber 46137,Kyle Schwarber,4/25/2026,ATL,Away,5,4,1,0,1,0,1,0,0,1,0,3,3,0,0,0,0,0,2,1,1,0,1,0,0,0,0
Trea Turner 46137,Trea Turner,4/25/2026,ATL,Away,5,4,1,0,0,0,1,0,0,1,0,5,4,1,0,1,0,0,0,0,0,0,0,0,0,0,0
Bryce Harper 46138,Bryce Harper,4/26/2026,ATL,Away,4,4,0,0,0,0,0,0,0,0,0,0,0,0,0,0,0,0,4,4,0,0,0,0,0,2,30
Kyle Schwarber 46138,Kyle Schwarber,4/26/2026,ATL,Away,4,3,1,0,0,1,1,0,0,1,2,0,0,0,0,0,0,0,4,3,1,1,1,0,0,0,0
Trea Turner 46138,Trea Turner,4/26/2026,ATL,Away,4,4,1,0,0,0,0,0,0,0,0,0,0,0,0,0,0,0,4,4,1,0,0,0,0,0,0
Bryce Harper 46140,Bryce Harper,4/28/2026,SF,Home,4,4,2,1,0,0,0,0,0,1,1,4,4,2,0,0,0,0,0,0,0,0,0,0,0,11,32
Kyle Schwarber 46140,Kyle Schwarber,4/28/2026,SF,Home,5,3,0,0,0,0,2,0,0,1,0,5,3,0,0,2,0,0,0,0,0,0,0,0,0,0,0
Trea Turner 46140,Trea Turner,4/28/2026,SF,Home,5,5,4,0,0,0,0,0,0,2,1,5,5,4,0,0,0,0,0,0,0,0,0,0,0,0,0
Bryce Harper 461421,Bryce Harper,4/30/2026,SF,Home,4,4,1,0,0,0,0,0,0,0,0,3,3,1,0,0,0,0,1,1,0,0,0,0,0,10,33
Bryce Harper 461422,Bryce Harper,4/30/2026,SF,Home,5,2,0,0,0,0,3,0,0,0,0,4,2,0,0,2,0,0,1,0,0,0,1,0,0,9,33
Kyle Schwarber 461421,Kyle Schwarber,4/30/2026,SF,Home,4,2,1,0,0,1,2,0,0,1,1,3,1,1,1,2,0,0,1,1,0,0,0,0,0,0,0
Kyle Schwarber 461422,Kyle Schwarber,4/30/2026,SF,Home,5,4,4,1,0,1,1,0,0,2,2,4,3,3,1,1,0,0,1,1,1,0,0,0,0,0,0
Trea Turner 461421,Trea Turner,4/30/2026,SF,Home,4,4,0,0,0,0,0,0,0,0,0,3,3,0,0,0,0,0,1,1,0,0,0,0,0,0,0
Trea Turner 461422,Trea Turner,4/30/2026,SF,Home,5,5,2,0,0,1,0,0,0,2,1,5,5,2,1,0,0,0,0,0,0,0,0,0,0,0,0
Bryce Harper 46143,Bryce Harper,5/1/2026,MIA,Away,5,4,1,1,0,0,1,0,0,1,0,4,3,0,0,1,0,0,1,1,1,0,0,0,0,9,36
Kyle Schwarber 46143,Kyle Schwarber,5/1/2026,MIA,Away,5,5,0,0,0,0,0,0,0,0,0,4,4,0,0,0,0,0,1,1,0,0,0,0,0,0,0
Bryce Harper 46144,Bryce Harper,5/2/2026,MIA,Away,3,3,0,0,0,0,0,0,0,0,0,3,3,0,0,0,0,0,0,0,0,0,0,0,0,1,27
J.T. Realmuto 46144,J.T. Realmuto,5/2/2026,MIA,Away,3,3,0,0,0,0,0,0,0,0,0,3,3,0,0,0,0,0,0,0,0,0,0,0,0,0,0
Kyle Schwarber 46144,Kyle Schwarber,5/2/2026,MIA,Away,3,3,0,0,0,0,0,0,0,0,0,3,3,0,0,0,0,0,0,0,0,0,0,0,0,0,0
Trea Turner 46144,Trea Turner,5/2/2026,MIA,Away,4,4,0,0,0,0,0,0,0,0,0,3,3,0,0,0,0,0,1,1,0,0,0,0,0,0,0
Bryce Harper 46145,Bryce Harper,5/3/2026,MIA,Away,5,4,1,1,0,0,1,0,0,1,0,4,3,1,0,1,0,0,1,1,0,0,0,0,0,11,37
J.T. Realmuto 46145,J.T. Realmuto,5/3/2026,MIA,Away,4,3,1,0,0,0,0,0,1,1,1,4,3,1,0,0,0,1,0,0,0,0,0,0,0,0,0
Kyle Schwarber 46145,Kyle Schwarber,5/3/2026,MIA,Away,5,4,2,0,0,0,1,0,0,1,0,4,3,1,0,1,0,0,1,1,1,0,0,0,0,0,0
Trea Turner 46145,Trea Turner,5/3/2026,MIA,Away,5,5,1,1,0,0,0,0,0,1,0,4,4,1,0,0,0,0,1,1,0,0,0,0,0,0,0
Bryce Harper 46146,Bryce Harper,5/4/2026,MIA,Away,4,4,3,1,0,1,0,0,0,1,1,4,4,3,1,0,0,0,0,0,0,0,0,0,0,7,35
Kyle Schwarber 46146,Kyle Schwarber,5/4/2026,MIA,Away,4,4,0,0,0,0,0,0,0,0,0,4,4,0,0,0,0,0,0,0,0,0,0,0,0,0,0
Trea Turner 46146,Trea Turner,5/4/2026,MIA,Away,4,4,0,0,0,0,0,0,0,0,0,4,4,0,0,0,0,0,0,0,0,0,0,0,0,0,0
Bryce Harper 46147,Bryce Harper,5/5/2026,ATH,Home,5,4,3,0,0,2,1,0,0,3,3,5,4,3,2,1,0,0,0,0,0,0,0,0,0,14,37
J.T. Realmuto 46147,J.T. Realmuto,5/5/2026,ATH,Home,4,4,1,1,0,0,0,0,0,1,2,4,4,1,0,0,0,0,0,0,0,0,0,0,0,0,0
Kyle Schwarber 46147,Kyle Schwarber,5/5/2026,ATH,Home,5,5,0,0,0,0,0,0,0,0,0,5,5,0,0,0,0,0,0,0,0,0,0,0,0,0,0
Trea Turner 46147,Trea Turner,5/5/2026,ATH,Home,5,5,2,1,0,0,0,0,0,2,1,5,5,2,0,0,0,0,0,0,0,0,0,0,0,0,0
Bryce Harper 46148,Bryce Harper,5/6/2026,ATH,Home,4,4,0,0,0,0,0,0,0,1,0,1,1,0,0,0,0,0,3,3,0,0,0,0,0,12,36
J.T. Realmuto 46148,J.T. Realmuto,5/6/2026,ATH,Home,4,4,2,0,0,0,0,0,0,0,0,2,2,0,0,0,0,0,2,2,2,0,0,0,0,0,0
Kyle Schwarber 46148,Kyle Schwarber,5/6/2026,ATH,Home,4,3,1,1,0,0,1,0,0,1,0,1,0,0,0,1,0,0,3,3,1,0,0,0,0,0,0
Trea Turner 46148,Trea Turner,5/6/2026,ATH,Home,5,5,1,0,0,0,0,0,0,0,0,1,1,0,0,0,0,0,4,4,1,0,0,0,0,0,0
Bryce Harper 46149,Bryce Harper,5/7/2026,ATH,Home,2,1,0,0,0,0,1,0,0,0,0,2,1,0,0,1,0,0,0,0,0,0,0,0,0,6,31
Kyle Schwarber 46149,Kyle Schwarber,5/7/2026,ATH,Home,4,4,2,0,0,1,0,0,0,1,1,4,4,2,1,0,0,0,0,0,0,0,0,0,0,0,0
Trea Turner 46149,Trea Turner,5/7/2026,ATH,Home,3,3,0,0,0,0,0,0,0,0,0,3,3,0,0,0,0,0,0,0,0,0,0,0,0,0,0
Bryce Harper 46150,Bryce Harper,5/8/2026,COL,Home,6,4,2,0,0,0,2,0,0,1,0,5,3,1,0,2,0,0,1,1,1,0,0,0,0,9,41
J.T. Realmuto 46150,J.T. Realmuto,5/8/2026,COL,Home,5,5,1,1,0,0,0,0,0,0,1,5,5,1,0,0,0,0,0,0,0,0,0,0,0,0,0
Kyle Schwarber 46150,Kyle Schwarber,5/8/2026,COL,Home,6,6,1,0,0,1,0,0,0,1,1,5,5,1,1,0,0,0,1,1,0,0,0,0,0,0,0
Trea Turner 46150,Trea Turner,5/8/2026,COL,Home,6,6,0,0,0,0,0,0,0,0,0,6,6,0,0,0,0,0,0,0,0,0,0,0,0,0,0
J.T. Realmuto 46151,J.T. Realmuto,5/9/2026,COL,Home,4,4,1,0,0,0,0,0,0,1,0,1,1,1,0,0,0,0,3,3,0,0,0,0,0,14,37
Kyle Schwarber 46151,Kyle Schwarber,5/9/2026,COL,Home,5,5,1,0,0,1,0,0,0,1,3,2,2,0,0,0,0,0,3,3,1,1,0,0,0,0,0
Trea Turner 46151,Trea Turner,5/9/2026,COL,Home,5,5,4,0,0,0,0,0,0,1,0,2,2,1,0,0,0,0,3,3,3,0,0,0,0,0,0
Bryce Harper 46152,Bryce Harper,5/10/2026,COL,Home,4,4,1,0,0,1,0,0,0,1,1,4,4,1,1,0,0,0,0,0,0,0,0,0,0,10,32
J.T. Realmuto 46152,J.T. Realmuto,5/10/2026,COL,Home,4,4,0,0,0,0,0,0,0,0,0,4,4,0,0,0,0,0,0,0,0,0,0,0,0,0,0
Kyle Schwarber 46152,Kyle Schwarber,5/10/2026,COL,Home,4,4,3,0,0,2,0,0,0,2,2,4,4,3,2,0,0,0,0,0,0,0,0,0,0,0,0
Trea Turner 46152,Trea Turner,5/10/2026,COL,Home,4,3,0,0,0,0,0,0,1,0,1,4,3,0,0,0,0,1,0,0,0,0,0,0,0,0,0
Bryce Harper 46154,Bryce Harper,5/12/2026,BOS,Away,4,4,0,0,0,0,0,0,0,0,0,2,2,0,0,0,0,0,2,2,0,0,0,0,0,5,32
J.T. Realmuto 46154,J.T. Realmuto,5/12/2026,BOS,Away,4,4,0,0,0,0,0,0,0,0,0,4,4,0,0,0,0,0,0,0,0,0,0,0,0,0,0
Kyle Schwarber 46154,Kyle Schwarber,5/12/2026,BOS,Away,4,3,1,0,0,1,1,0,0,1,1,2,2,0,0,0,0,0,2,1,1,1,1,0,0,0,0
Trea Turner 46154,Trea Turner,5/12/2026,BOS,Away,4,4,0,0,0,0,0,0,0,0,0,3,3,0,0,0,0,0,1,1,0,0,0,0,0,0,0
Bryce Harper 46155,Bryce Harper,5/13/2026,BOS,Away,4,4,0,0,0,0,0,0,0,0,0,3,3,0,0,0,0,0,1,1,0,0,0,0,0,3,29
J.T. Realmuto 46155,J.T. Realmuto,5/13/2026,BOS,Away,3,3,0,0,0,0,0,0,0,0,0,3,3,0,0,0,0,0,0,0,0,0,0,0,0,0,0
Kyle Schwarber 46155,Kyle Schwarber,5/13/2026,BOS,Away,4,2,0,0,0,0,2,0,0,0,0,3,2,0,0,1,0,0,1,0,0,0,1,0,0,0,0
Trea Turner 46155,Trea Turner,5/13/2026,BOS,Away,1,0,0,0,0,0,1,0,0,0,0,0,0,0,0,0,0,0,1,0,0,0,1,0,0,0,0
Bryce Harper 46156,Bryce Harper,5/14/2026,BOS,Away,5,4,1,0,0,0,1,0,0,0,0,1,1,0,0,0,0,0,4,3,1,0,1,0,0,9,37
J.T. Realmuto 46156,J.T. Realmuto,5/14/2026,BOS,Away,4,3,1,0,0,0,0,1,0,0,0,2,1,0,0,0,1,0,2,2,1,0,0,0,0,0,0
Kyle Schwarber 46156,Kyle Schwarber,5/14/2026,BOS,Away,5,5,1,0,0,1,0,0,0,1,2,1,1,0,0,0,0,0,4,4,1,1,0,0,0,0,0
Trea Turner 46156,Trea Turner,5/14/2026,BOS,Away,5,5,1,0,0,0,0,0,0,1,0,1,1,0,0,0,0,0,4,4,1,0,0,0,0,0,0
Bryce Harper 46157,Bryce Harper,5/15/2026,PIT,Away,5,5,4,0,0,0,0,0,0,1,2,3,3,3,0,0,0,0,2,2,1,0,0,0,0,14,42
Kyle Schwarber 46157,Kyle Schwarber,5/15/2026,PIT,Away,6,5,3,0,0,2,1,0,0,2,5,4,4,2,1,0,0,0,2,1,1,1,1,0,0,0,0
Trea Turner 46157,Trea Turner,5/15/2026,PIT,Away,6,6,1,0,0,0,0,0,0,2,0,5,5,0,0,0,0,0,1,1,1,0,0,0,0,0,0
Bryce Harper 46158,Bryce Harper,5/16/2026,PIT,Away,5,4,1,0,0,1,1,0,0,1,3,4,3,1,1,1,0,0,1,1,0,0,0,0,0,8,35
J.T. Realmuto 46158,J.T. Realmuto,5/16/2026,PIT,Away,4,3,0,0,0,0,1,0,0,1,0,3,2,0,0,1,0,0,1,1,0,0,0,0,0,0,0
Kyle Schwarber 46158,Kyle Schwarber,5/16/2026,PIT,Away,5,4,1,1,0,0,1,0,0,1,1,4,3,1,0,1,0,0,1,1,0,0,0,0,0,0,0
Trea Turner 46158,Trea Turner,5/16/2026,PIT,Away,5,4,2,1,0,0,1,0,0,2,1,4,3,2,0,1,0,0,1,1,0,0,0,0,0,0,0
Bryce Harper 46159,Bryce Harper,5/17/2026,PIT,Away,4,4,1,0,0,1,0,0,0,1,1,4,4,1,1,0,0,0,0,0,0,0,0,0,0,8,35
J.T. Realmuto 46159,J.T. Realmuto,5/17/2026,PIT,Away,4,4,1,0,0,0,0,0,0,1,0,4,4,1,0,0,0,0,0,0,0,0,0,0,0,0,0
Kyle Schwarber 46159,Kyle Schwarber,5/17/2026,PIT,Away,5,5,0,0,0,0,0,0,0,0,0,5,5,0,0,0,0,0,0,0,0,0,0,0,0,0,0
Trea Turner 46159,Trea Turner,5/17/2026,PIT,Away,5,5,1,0,0,0,0,0,0,0,1,5,5,1,0,0,0,0,0,0,0,0,0,0,0,0,0
Bryce Harper 46160,Bryce Harper,5/18/2026,CIN,Home,4,3,0,0,0,0,1,0,0,1,0,1,1,0,0,0,0,0,3,2,0,0,1,0,0,5,26
J.T. Realmuto 46160,J.T. Realmuto,5/18/2026,CIN,Home,4,2,0,0,0,0,2,0,0,0,0,2,1,0,0,1,0,0,2,1,0,0,1,0,0,0,0
Trea Turner 46160,Trea Turner,5/18/2026,CIN,Home,4,4,1,1,0,0,0,0,0,1,0,1,1,0,0,0,0,0,3,3,1,0,0,0,0,0,0
Bryce Harper 46161,Bryce Harper,5/19/2026,CIN,Home,4,4,0,0,0,0,0,0,0,0,0,4,4,0,0,0,0,0,0,0,0,0,0,0,0,3,29
Trea Turner 46161,Trea Turner,5/19/2026,CIN,Home,4,4,1,0,0,1,0,0,0,1,1,4,4,1,1,0,0,0,0,0,0,0,0,0,0,0,0
Bryce Harper 46162,Bryce Harper,5/20/2026,CIN,Home,4,3,0,0,0,0,0,0,1,0,1,1,1,0,0,0,0,0,3,2,0,0,0,0,1,6,31
J.T. Realmuto 46162,J.T. Realmuto,5/20/2026,CIN,Home,4,4,0,0,0,0,0,0,0,0,0,1,1,0,0,0,0,0,3,3,0,0,0,0,0,0,0
Trea Turner 46162,Trea Turner,5/20/2026,CIN,Home,4,2,1,0,0,0,2,0,0,1,0,1,1,0,0,0,0,0,3,1,1,0,2,0,0,0,0
Bryce Harper 46164,Bryce Harper,5/22/2026,CLE,Home,4,4,1,1,0,0,0,0,0,0,0,4,4,1,0,0,0,0,0,0,0,0,0,0,0,5,30
J.T. Realmuto 46164,J.T. Realmuto,5/22/2026,CLE,Home,3,3,1,0,0,0,0,0,0,0,0,3,3,1,0,0,0,0,0,0,0,0,0,0,0,0,0
Kyle Schwarber 46164,Kyle Schwarber,5/22/2026,CLE,Home,4,4,0,0,0,0,0,0,0,0,0,4,4,0,0,0,0,0,0,0,0,0,0,0,0,0,0
Trea Turner 46164,Trea Turner,5/22/2026,CLE,Home,4,4,0,0,0,0,0,0,0,0,0,4,4,0,0,0,0,0,0,0,0,0,0,0,0,0,0
Bryce Harper 46165,Bryce Harper,5/23/2026,CLE,Home,4,4,3,0,0,0,0,0,0,2,0,4,4,3,0,0,0,0,0,0,0,0,0,0,0,7,30
J.T. Realmuto 46165,J.T. Realmuto,5/23/2026,CLE,Home,4,3,2,0,0,0,1,0,0,0,0,4,3,2,0,1,0,0,0,0,0,0,0,0,0,0,0
Kyle Schwarber 46165,Kyle Schwarber,5/23/2026,CLE,Home,4,4,0,0,0,0,0,0,0,0,0,4,4,0,0,0,0,0,0,0,0,0,0,0,0,0,0
Trea Turner 46165,Trea Turner,5/23/2026,CLE,Home,4,4,0,0,0,0,0,0,0,0,0,4,4,0,0,0,0,0,0,0,0,0,0,0,0,0,0
Bryce Harper 46166,Bryce Harper,5/24/2026,CLE,Home,4,2,0,0,0,0,1,0,1,0,1,0,0,0,0,0,0,0,4,2,0,0,1,0,1,6,32
J.T. Realmuto 46166,J.T. Realmuto,5/24/2026,CLE,Home,4,4,0,0,0,0,0,0,0,0,0,1,1,0,0,0,0,0,3,3,0,0,0,0,0,0,0
Kyle Schwarber 46166,Kyle Schwarber,5/24/2026,CLE,Home,4,4,2,1,0,0,0,0,0,0,0,0,0,0,0,0,0,0,4,4,2,0,0,0,0,0,0
Trea Turner 46166,Trea Turner,5/24/2026,CLE,Home,5,4,0,0,0,0,1,0,0,0,0,1,1,0,0,0,0,0,4,3,0,0,1,0,0,0,0
Bryce Harper 46167,Bryce Harper,5/25/2026,SD,Away,4,3,0,0,0,0,1,0,0,0,0,3,2,0,0,1,0,0,1,1,0,0,0,0,0,3,28
Kyle Schwarber 46167,Kyle Schwarber,5/25/2026,SD,Away,4,3,2,0,0,1,1,0,0,2,1,3,2,2,1,1,0,0,1,1,0,0,0,0,0,0,0
Trea Turner 46167,Trea Turner,5/25/2026,SD,Away,4,4,0,0,0,0,0,0,0,0,0,3,3,0,0,0,0,0,1,1,0,0,0,0,0,0,0
Bryce Harper 46168,Bryce Harper,5/26/2026,SD,Away,4,2,1,0,0,1,2,0,0,2,1,3,2,1,1,1,0,0,1,0,0,0,1,0,0,9,34
J.T. Realmuto 46168,J.T. Realmuto,5/26/2026,SD,Away,4,3,2,0,0,1,0,1,0,1,1,3,3,2,1,0,0,0,1,0,0,0,0,1,0,0,0
Kyle Schwarber 46168,Kyle Schwarber,5/26/2026,SD,Away,5,5,1,0,0,0,0,0,0,0,0,4,4,0,0,0,0,0,1,1,1,0,0,0,0,0,0
Trea Turner 46168,Trea Turner,5/26/2026,SD,Away,5,5,2,0,0,1,0,0,0,1,1,4,4,2,1,0,0,0,1,1,0,0,0,0,0,0,0
Bryce Harper 46169,Bryce Harper,5/27/2026,SD,Away,4,4,0,0,0,0,0,0,0,0,0,3,3,0,0,0,0,0,1,1,0,0,0,0,0,6,31
J.T. Realmuto 46169,J.T. Realmuto,5/27/2026,SD,Away,3,3,1,0,0,0,0,0,0,0,0,3,3,1,0,0,0,0,0,0,0,0,0,0,0,0,0
Kyle Schwarber 46169,Kyle Schwarber,5/27/2026,SD,Away,4,4,2,0,0,0,0,0,0,0,1,3,3,1,0,0,0,0,1,1,1,0,0,0,0,0,0
Trea Turner 46169,Trea Turner,5/27/2026,SD,Away,4,4,1,0,0,1,0,0,0,1,2,3,3,1,1,0,0,0,1,1,0,0,0,0,0,0,0
Bryce Harper 46171,Bryce Harper,5/29/2026,LAD,Away,4,4,0,0,0,0,0,0,0,0,0,0,0,0,0,0,0,0,4,4,0,0,0,0,0,3,31
J.T. Realmuto 46171,J.T. Realmuto,5/29/2026,LAD,Away,3,3,0,0,0,0,0,0,0,0,0,1,1,0,0,0,0,0,2,2,0,0,0,0,0,0,0
Kyle Schwarber 46171,Kyle Schwarber,5/29/2026,LAD,Away,4,4,1,0,0,1,0,0,0,1,1,0,0,0,0,0,0,0,4,4,1,1,0,0,0,0,0
Trea Turner 46171,Trea Turner,5/29/2026,LAD,Away,4,4,0,0,0,0,0,0,0,0,0,0,0,0,0,0,0,0,4,4,0,0,0,0,0,0,0
Bryce Harper 46172,Bryce Harper,5/30/2026,LAD,Away,4,2,1,0,0,0,2,0,0,1,1,2,1,0,0,1,0,0,2,1,1,0,1,0,0,6,33
J.T. Realmuto 46172,J.T. Realmuto,5/30/2026,LAD,Away,4,4,0,0,0,0,0,0,0,0,0,4,4,0,0,0,0,0,0,0,0,0,0,0,0,0,0
Kyle Schwarber 46172,Kyle Schwarber,5/30/2026,LAD,Away,4,4,1,0,0,0,0,0,0,0,0,3,3,1,0,0,0,0,1,1,0,0,0,0,0,0,0
Trea Turner 46172,Trea Turner,5/30/2026,LAD,Away,4,4,1,0,0,0,0,0,0,0,0,3,3,1,0,0,0,0,1,1,0,0,0,0,0,0,0
Bryce Harper 46173,Bryce Harper,5/31/2026,LAD,Away,3,2,0,0,0,0,1,0,0,0,0,3,2,0,0,1,0,0,0,0,0,0,0,0,0,5,32
J.T. Realmuto 46173,J.T. Realmuto,5/31/2026,LAD,Away,1,0,0,0,0,0,0,1,0,0,0,1,0,0,0,0,1,0,0,0,0,0,0,0,0,0,0
Kyle Schwarber 46173,Kyle Schwarber,5/31/2026,LAD,Away,5,4,0,0,0,0,1,0,0,0,0,5,4,0,0,1,0,0,0,0,0,0,0,0,0,0,0
Trea Turner 46173,Trea Turner,5/31/2026,LAD,Away,4,4,1,0,0,0,0,0,0,0,0,4,4,1,0,0,0,0,0,0,0,0,0,0,0,0,0
Bryce Harper 46175,Bryce Harper,6/2/2026,SD,Home,4,3,1,0,0,1,1,0,0,2,2,4,3,1,1,1,0,0,0,0,0,0,0,0,0,9,30
Kyle Schwarber 46175,Kyle Schwarber,6/2/2026,SD,Home,4,3,0,0,0,0,1,0,0,0,0,3,3,0,0,0,0,0,1,0,0,0,1,0,0,0,0
Trea Turner 46175,Trea Turner,6/2/2026,SD,Home,4,4,2,0,0,0,0,0,0,1,0,4,4,2,0,0,0,0,0,0,0,0,0,0,0,0,0
Bryce Harper 46176,Bryce Harper,6/3/2026,SD,Home,4,3,0,0,0,0,1,0,0,0,0,3,2,0,0,1,0,0,1,1,0,0,0,0,0,8,31
J.T. Realmuto 46176,J.T. Realmuto,6/3/2026,SD,Home,3,3,1,0,0,1,0,0,0,1,1,3,3,1,1,0,0,0,0,0,0,0,0,0,0,0,0
Kyle Schwarber 46176,Kyle Schwarber,6/3/2026,SD,Home,4,4,1,0,0,1,0,0,0,1,1,4,4,1,1,0,0,0,0,0,0,0,0,0,0,0,0
Trea Turner 46176,Trea Turner,6/3/2026,SD,Home,4,4,1,0,0,0,0,0,0,0,0,4,4,1,0,0,0,0,0,0,0,0,0,0,0,0,0
Bryce Harper 46177,Bryce Harper,6/4/2026,SD,Home,4,3,1,0,0,0,1,0,0,2,0,2,1,0,0,1,0,0,2,2,1,0,0,0,0,10,34
J.T. Realmuto 46177,J.T. Realmuto,6/4/2026,SD,Home,4,4,0,0,0,0,0,0,0,0,0,3,3,0,0,0,0,0,1,1,0,0,0,0,0,0,0
Kyle Schwarber 46177,Kyle Schwarber,6/4/2026,SD,Home,5,4,1,0,0,0,1,0,0,0,0,2,2,1,0,0,0,0,3,2,0,0,1,0,0,0,0
Trea Turner 46177,Trea Turner,6/4/2026,SD,Home,4,4,1,0,0,0,0,0,0,1,1,2,2,0,0,0,0,0,2,2,1,0,0,0,0,0,0
Bryce Harper 46178,Bryce Harper,6/5/2026,CWS,Home,4,3,2,0,0,0,1,0,0,0,0,0,0,0,0,0,0,0,4,3,2,0,1,0,0,11,33
J.T. Realmuto 46178,J.T. Realmuto,6/5/2026,CWS,Home,4,2,0,0,0,0,2,0,0,1,0,2,1,0,0,1,0,0,2,1,0,0,1,0,0,0,0
Kyle Schwarber 46178,Kyle Schwarber,6/5/2026,CWS,Home,5,5,4,0,0,0,0,0,0,2,0,1,1,1,0,0,0,0,4,4,3,0,0,0,0,0,0
Trea Turner 46178,Trea Turner,6/5/2026,CWS,Home,5,4,0,0,0,0,1,0,0,2,1,1,1,0,0,0,0,0,4,3,0,0,1,0,0,0,0
Bryce Harper 46179,Bryce Harper,6/6/2026,CWS,Home,4,4,0,0,0,0,0,0,0,0,0,2,2,0,0,0,0,0,2,2,0,0,0,0,0,5,32
J.T. Realmuto 46179,J.T. Realmuto,6/6/2026,CWS,Home,4,2,0,0,0,0,2,0,0,1,0,3,1,0,0,2,0,0,1,1,0,0,0,0,0,0,0
Kyle Schwarber 46179,Kyle Schwarber,6/6/2026,CWS,Home,5,4,0,0,0,0,1,0,0,0,0,3,2,0,0,1,0,0,2,2,0,0,0,0,0,0,0
Trea Turner 46179,Trea Turner,6/6/2026,CWS,Home,4,3,1,0,0,0,1,0,0,0,0,2,1,0,0,1,0,0,2,2,1,0,0,0,0,0,0
Bryce Harper 46180,Bryce Harper,6/7/2026,CWS,Home,5,4,2,1,0,0,1,0,0,2,1,3,3,1,0,0,0,0,2,1,1,0,1,0,0,11,34
Kyle Schwarber 46180,Kyle Schwarber,6/7/2026,CWS,Home,5,3,0,0,0,0,2,0,0,1,0,3,2,0,0,1,0,0,2,1,0,0,1,0,0,0,0
Trea Turner 46180,Trea Turner,6/7/2026,CWS,Home,5,5,2,1,0,0,0,0,0,1,0,3,3,1,0,0,0,0,2,2,1,0,0,0,0,0,0
Bryce Harper 46181,Bryce Harper,6/8/2026,TOR,Away,4,3,0,0,0,0,1,0,0,1,0,1,1,0,0,0,0,0,3,2,0,0,1,0,0,7,32
J.T. Realmuto 46181,J.T. Realmuto,6/8/2026,TOR,Away,4,4,1,0,0,0,0,0,0,0,1,2,2,0,0,0,0,0,2,2,1,0,0,0,0,0,0
Kyle Schwarber 46181,Kyle Schwarber,6/8/2026,TOR,Away,5,4,1,0,0,0,1,0,0,0,0,2,2,1,0,0,0,0,3,2,0,0,1,0,0,0,0
Trea Turner 46181,Trea Turner,6/8/2026,TOR,Away,5,4,0,0,0,0,1,0,0,1,0,2,2,0,0,0,0,0,3,2,0,0,1,0,0,0,0
Bryce Harper 46182,Bryce Harper,6/9/2026,TOR,Away,4,2,1,0,0,0,2,0,0,1,0,4,2,1,0,2,0,0,0,0,0,0,0,0,0,5,32
J.T. Realmuto 46182,J.T. Realmuto,6/9/2026,TOR,Away,4,4,0,0,0,0,0,0,0,0,0,4,4,0,0,0,0,0,0,0,0,0,0,0,0,0,0
Kyle Schwarber 46182,Kyle Schwarber,6/9/2026,TOR,Away,4,4,0,0,0,0,0,0,0,0,0,3,3,0,0,0,0,0,1,1,0,0,0,0,0,0,0
Trea Turner 46182,Trea Turner,6/9/2026,TOR,Away,4,4,1,1,0,0,0,0,0,1,0,3,3,1,0,0,0,0,1,1,0,0,0,0,0,0,0
Bryce Harper 46183,Bryce Harper,6/10/2026,TOR,Away,5,4,2,1,0,1,1,0,0,3,1,4,3,2,1,1,0,0,1,1,0,0,0,0,0,10,37
J.T. Realmuto 46183,J.T. Realmuto,6/10/2026,TOR,Away,4,4,0,0,0,0,0,0,0,0,0,4,4,0,0,0,0,0,0,0,0,0,0,0,0,0,0
Kyle Schwarber 46183,Kyle Schwarber,6/10/2026,TOR,Away,5,4,2,0,0,1,1,0,0,2,2,4,3,1,0,1,0,0,1,1,1,1,0,0,0,0,0
Trea Turner 46183,Trea Turner,6/10/2026,TOR,Away,5,5,1,0,0,0,0,0,0,0,0,4,4,1,0,0,0,0,1,1,0,0,0,0,0,0,0
Bryce Harper 46185,Bryce Harper,6/12/2026,MIL,Away,3,3,0,0,0,0,0,0,0,0,0,3,3,0,0,0,0,0,0,0,0,0,0,0,0,1,27
J.T. Realmuto 46185,J.T. Realmuto,6/12/2026,MIL,Away,3,3,0,0,0,0,0,0,0,0,0,3,3,0,0,0,0,0,0,0,0,0,0,0,0,0,0
Kyle Schwarber 46185,Kyle Schwarber,6/12/2026,MIL,Away,3,3,1,0,0,0,0,0,0,0,0,3,3,1,0,0,0,0,0,0,0,0,0,0,0,0,0
Trea Turner 46185,Trea Turner,6/12/2026,MIL,Away,3,3,0,0,0,0,0,0,0,0,0,3,3,0,0,0,0,0,0,0,0,0,0,0,0,0,0
Bryce Harper 46186,Bryce Harper,6/13/2026,MIL,Away,5,3,0,0,0,0,1,0,1,0,0,1,0,0,0,0,0,1,4,3,0,0,1,0,0,17,43
J.T. Realmuto 46186,J.T. Realmuto,6/13/2026,MIL,Away,5,4,3,0,0,1,1,0,0,1,1,2,2,2,1,0,0,0,3,2,1,0,1,0,0,0,0
Kyle Schwarber 46186,Kyle Schwarber,6/13/2026,MIL,Away,6,6,3,0,0,0,0,0,0,1,4,2,2,1,0,0,0,0,4,4,2,0,0,0,0,0,0
Trea Turner 46186,Trea Turner,6/13/2026,MIL,Away,6,6,1,0,0,0,0,0,0,0,0,2,2,0,0,0,0,0,4,4,1,0,0,0,0,0,0
Bryce Harper 46187,Bryce Harper,6/14/2026,MIL,Away,4,4,0,0,0,0,0,0,0,0,0,0,0,0,0,0,0,0,4,4,0,0,0,0,0,4,31
Kyle Schwarber 46187,Kyle Schwarber,6/14/2026,MIL,Away,4,4,1,0,0,0,0,0,0,0,0,0,0,0,0,0,0,0,4,4,1,0,0,0,0,0,0
Trea Turner 46187,Trea Turner,6/14/2026,MIL,Away,4,4,0,0,0,0,0,0,0,0,0,0,0,0,0,0,0,0,4,4,0,0,0,0,0,0,0
Bryce Harper 46188,Bryce Harper,6/15/2026,MIA,Home,5,3,0,0,0,0,1,0,1,0,1,4,3,0,0,1,0,0,1,0,0,0,0,0,1,10,33
J.T. Realmuto 46188,J.T. Realmuto,6/15/2026,MIA,Home,4,4,1,0,0,1,0,0,0,1,2,4,4,1,1,0,0,0,0,0,0,0,0,0,0,0,0
Kyle Schwarber 46188,Kyle Schwarber,6/15/2026,MIA,Home,5,4,1,0,0,0,1,0,0,0,0,4,4,1,0,0,0,0,1,0,0,0,1,0,0,0,0
Trea Turner 46188,Trea Turner,6/15/2026,MIA,Home,4,3,0,0,0,0,0,1,0,0,0,4,3,0,0,0,1,0,0,0,0,0,0,0,0,0,0
Bryce Harper 46189,Bryce Harper,6/16/2026,MIA,Home,4,3,0,0,0,0,1,0,0,1,0,3,2,0,0,1,0,0,1,1,0,0,0,0,0,6,30
J.T. Realmuto 46189,J.T. Realmuto,6/16/2026,MIA,Home,4,4,0,0,0,0,0,0,0,0,0,3,3,0,0,0,0,0,1,1,0,0,0,0,0,0,0
Kyle Schwarber 46189,Kyle Schwarber,6/16/2026,MIA,Home,4,2,1,0,0,1,2,0,0,2,1,3,2,1,1,1,0,0,1,0,0,0,1,0,0,0,0
Bryce Harper 46190,Bryce Harper,6/17/2026,MIA,Home,4,3,1,0,0,0,1,0,0,1,0,4,3,1,0,1,0,0,0,0,0,0,0,0,0,10,37
Kyle Schwarber 46190,Kyle Schwarber,6/17/2026,MIA,Home,4,4,0,0,0,0,0,0,0,0,0,4,4,0,0,0,0,0,0,0,0,0,0,0,0,0,0
Trea Turner 46190,Trea Turner,6/17/2026,MIA,Home,5,5,3,1,0,0,0,0,0,1,0,4,4,2,0,0,0,0,1,1,1,0,0,0,0,0,0
Bryce Harper 46191,Bryce Harper,6/18/2026,NYM,Home,4,3,0,0,0,0,1,0,0,0,0,1,1,0,0,0,0,0,3,2,0,0,1,0,0,7,34
J.T. Realmuto 46191,J.T. Realmuto,6/18/2026,NYM,Home,4,3,0,0,0,0,1,0,1,1,0,2,1,0,0,1,0,0,2,2,0,0,0,0,0,0,0
Kyle Schwarber 46191,Kyle Schwarber,6/18/2026,NYM,Home,5,5,1,0,0,0,0,0,1,1,0,1,1,0,0,0,0,0,4,4,1,0,0,0,0,0,0
Trea Turner 46191,Trea Turner,6/18/2026,NYM,Home,1,0,0,0,0,0,0,1,1,1,0,0,0,0,0,0,0,0,1,0,0,0,0,1,0,0,0
Bryce Harper 46193,Bryce Harper,6/20/2026,NYM,Home,5,5,4,1,1,1,0,0,0,2,3,4,4,3,1,0,0,0,1,1,1,0,0,0,0,17,41
J.T. Realmuto 46193,J.T. Realmuto,6/20/2026,NYM,Home,4,4,2,2,0,0,0,0,0,2,2,3,3,2,0,0,0,0,1,1,0,0,0,0,0,0,0
Kyle Schwarber 46193,Kyle Schwarber,6/20/2026,NYM,Home,5,5,4,0,0,3,0,0,0,4,6,3,3,2,2,0,0,0,2,2,2,1,0,0,0,0,0
Trea Turner 46193,Trea Turner,6/20/2026,NYM,Home,5,5,2,0,0,0,0,0,0,3,1,4,4,1,0,0,0,0,1,1,1,0,0,0,0,0,0
Bryce Harper 46194,Bryce Harper,6/21/2026,NYM,Home,4,4,3,1,0,1,0,0,0,1,1,1,1,1,1,0,0,0,3,3,2,0,0,0,0,9,32
J.T. Realmuto 46194,J.T. Realmuto,6/21/2026,NYM,Home,4,4,0,0,0,0,0,0,0,0,0,1,1,0,0,0,0,0,3,3,0,0,0,0,0,0,0
Kyle Schwarber 46194,Kyle Schwarber,6/21/2026,NYM,Home,4,3,1,0,0,1,1,0,0,2,3,0,0,0,0,0,0,0,4,3,1,1,1,0,0,0,0
Trea Turner 46194,Trea Turner,6/21/2026,NYM,Home,4,3,1,0,0,0,1,0,0,2,0,1,1,0,0,0,0,0,3,2,1,0,1,0,0,0,0
Bryce Harper 46195,Bryce Harper,6/22/2026,WSH,Away,4,4,2,0,0,0,0,0,0,0,0,1,1,1,0,0,0,0,3,3,1,0,0,0,0,5,32
Kyle Schwarber 46195,Kyle Schwarber,6/22/2026,WSH,Away,4,4,0,0,0,0,0,0,0,0,0,0,0,0,0,0,0,0,4,4,0,0,0,0,0,0,0
Trea Turner 46195,Trea Turner,6/22/2026,WSH,Away,4,4,0,0,0,0,0,0,0,0,0,0,0,0,0,0,0,0,4,4,0,0,0,0,0,0,0
Bryce Harper 46196,Bryce Harper,6/23/2026,WSH,Away,5,5,1,0,0,0,0,0,0,1,0,2,2,1,0,0,0,0,3,3,0,0,0,0,0,17,43
J.T. Realmuto 46196,J.T. Realmuto,6/23/2026,WSH,Away,5,4,1,1,0,0,1,0,0,1,3,4,3,1,0,1,0,0,1,1,0,0,0,0,0,0,0
Trea Turner 46196,Trea Turner,6/23/2026,WSH,Away,6,6,2,0,0,0,0,0,0,1,1,5,5,2,0,0,0,0,1,1,0,0,0,0,0,0,0
Bryce Harper 46197,Bryce Harper,6/24/2026,WSH,Away,4,4,0,0,0,0,0,0,0,0,0,1,1,0,0,0,0,0,3,3,0,0,0,0,0,8,34
J.T. Realmuto 46197,J.T. Realmuto,6/24/2026,WSH,Away,4,2,0,0,0,0,1,0,1,0,1,3,2,0,0,0,0,1,1,0,0,0,1,0,0,0,0
Kyle Schwarber 46197,Kyle Schwarber,6/24/2026,WSH,Away,1,0,0,0,0,0,1,0,0,0,0,1,0,0,0,1,0,0,0,0,0,0,0,0,0,0,0
Trea Turner 46197,Trea Turner,6/24/2026,WSH,Away,5,5,2,1,0,0,0,0,0,0,0,2,2,2,0,0,0,0,3,3,0,0,0,0,0,0,0
Bryce Harper 46198,Bryce Harper,6/25/2026,WSH,Away,5,3,2,0,0,1,2,0,0,2,3,4,3,2,1,1,0,0,1,0,0,0,1,0,0,13,39
J.T. Realmuto 46198,J.T. Realmuto,6/25/2026,WSH,Away,5,5,1,1,0,0,0,0,0,1,1,5,5,1,0,0,0,0,0,0,0,0,0,0,0,0,0
Kyle Schwarber 46198,Kyle Schwarber,6/25/2026,WSH,Away,5,4,2,0,0,0,1,0,0,1,0,4,4,2,0,0,0,0,1,0,0,0,1,0,0,0,0
Trea Turner 46198,Trea Turner,6/25/2026,WSH,Away,5,5,2,0,0,0,0,0,0,1,0,4,4,1,0,0,0,0,1,1,1,0,0,0,0,0,0
Bryce Harper 46199,Bryce Harper,6/26/2026,NYM,Away,4,4,3,0,0,0,0,0,0,0,1,0,0,0,0,0,0,0,4,4,3,0,0,0,0,9,34
J.T. Realmuto 46199,J.T. Realmuto,6/26/2026,NYM,Away,4,4,1,1,0,0,0,0,0,0,0,1,1,0,0,0,0,0,3,3,1,0,0,0,0,0,0
Kyle Schwarber 46199,Kyle Schwarber,6/26/2026,NYM,Away,4,3,1,0,0,0,1,0,0,0,0,1,1,0,0,0,0,0,3,2,1,0,1,0,0,0,0
Trea Turner 46199,Trea Turner,6/26/2026,NYM,Away,4,4,2,1,0,0,0,0,0,1,1,1,1,1,0,0,0,0,3,3,1,0,0,0,0,0,0
Bryce Harper 46200,Bryce Harper,6/27/2026,NYM,Away,4,4,2,0,0,1,0,0,0,1,2,3,3,1,1,0,0,0,1,1,1,0,0,0,0,5,31
Kyle Schwarber 46200,Kyle Schwarber,6/27/2026,NYM,Away,4,3,0,0,0,0,1,0,0,0,0,3,2,0,0,1,0,0,1,1,0,0,0,0,0,0,0
Trea Turner 46200,Trea Turner,6/27/2026,NYM,Away,4,3,0,0,0,0,1,0,0,1,0,3,2,0,0,1,0,0,1,1,0,0,0,0,0,0,0
Bryce Harper 46201,Bryce Harper,6/28/2026,NYM,Away,4,3,0,0,0,0,0,0,1,0,1,3,2,0,0,0,0,1,1,1,0,0,0,0,0,10,36
J.T. Realmuto 46201,J.T. Realmuto,6/28/2026,NYM,Away,4,4,1,0,0,0,0,0,0,0,0,4,4,1,0,0,0,0,0,0,0,0,0,0,0,0,0
Kyle Schwarber 46201,Kyle Schwarber,6/28/2026,NYM,Away,5,5,2,0,0,1,0,0,0,2,2,4,4,2,1,0,0,0,1,1,0,0,0,0,0,0,0
Trea Turner 46201,Trea Turner,6/28/2026,NYM,Away,5,5,1,0,0,0,0,0,0,1,0,4,4,1,0,0,0,0,1,1,0,0,0,0,0,0,0
Bryce Harper 46202,Bryce Harper,6/29/2026,PIT,Home,5,4,1,0,0,1,1,0,0,1,2,3,3,1,1,0,0,0,2,1,0,0,1,0,0,9,34
J.T. Realmuto 46202,J.T. Realmuto,6/29/2026,PIT,Home,4,3,1,0,0,0,0,1,0,0,1,3,3,1,0,0,0,0,1,0,0,0,0,1,0,0,0
Kyle Schwarber 46202,Kyle Schwarber,6/29/2026,PIT,Home,5,3,0,0,0,0,1,0,1,0,1,3,1,0,0,1,0,1,2,2,0,0,0,0,0,0,0
Trea Turner 46202,Trea Turner,6/29/2026,PIT,Home,5,5,2,0,0,1,0,0,0,2,1,3,3,2,1,0,0,0,2,2,0,0,0,0,0,0,0
Bryce Harper 46203,Bryce Harper,6/30/2026,PIT,Home,5,4,1,0,0,0,1,0,0,0,1,5,4,1,0,1,0,0,0,0,0,0,0,0,0,12,35
J.T. Realmuto 46203,J.T. Realmuto,6/30/2026,PIT,Home,4,3,0,0,0,0,0,1,0,1,0,4,3,0,0,0,1,0,0,0,0,0,0,0,0,0,0
Kyle Schwarber 46203,Kyle Schwarber,6/30/2026,PIT,Home,5,5,2,0,0,0,0,0,0,1,0,5,5,2,0,0,0,0,0,0,0,0,0,0,0,0,0
Trea Turner 46203,Trea Turner,6/30/2026,PIT,Home,5,5,2,1,0,1,0,0,0,2,3,5,5,2,1,0,0,0,0,0,0,0,0,0,0,0,0
Bryce Harper 46204,Bryce Harper,7/1/2026,PIT,Home,5,4,1,1,0,0,1,0,0,0,2,5,4,1,0,1,0,0,0,0,0,0,0,0,0,11,36
J.T. Realmuto 46204,J.T. Realmuto,7/1/2026,PIT,Home,4,3,0,0,0,0,1,0,0,0,0,4,3,0,0,1,0,0,0,0,0,0,0,0,0,0,0
Kyle Schwarber 46204,Kyle Schwarber,7/1/2026,PIT,Home,5,4,0,0,0,0,1,0,0,0,0,5,4,0,0,1,0,0,0,0,0,0,0,0,0,0,0
Trea Turner 46204,Trea Turner,7/1/2026,PIT,Home,5,5,2,0,0,1,0,0,0,2,3,5,5,2,1,0,0,0,0,0,0,0,0,0,0,0,0
Bryce Harper 46205,Bryce Harper,7/2/2026,PIT,Home,4,4,1,1,0,0,0,0,0,0,1,3,3,1,0,0,0,0,1,1,0,0,0,0,0,4,31
Kyle Schwarber 46205,Kyle Schwarber,7/2/2026,PIT,Home,4,3,0,0,0,0,1,0,0,0,0,3,2,0,0,1,0,0,1,1,0,0,0,0,0,0,0
Trea Turner 46205,Trea Turner,7/2/2026,PIT,Home,4,4,1,0,0,0,0,0,0,0,0,3,3,1,0,0,0,0,1,1,0,0,0,0,0,0,0
Bryce Harper 46207,Bryce Harper,7/4/2026,KC,Away,5,4,1,0,0,0,1,0,0,0,0,5,4,1,0,1,0,0,0,0,0,0,0,0,0,12,38
J.T. Realmuto 46207,J.T. Realmuto,7/4/2026,KC,Away,4,4,1,0,0,1,0,0,0,1,2,4,4,1,1,0,0,0,0,0,0,0,0,0,0,0,0
Kyle Schwarber 46207,Kyle Schwarber,7/4/2026,KC,Away,5,4,3,0,0,0,1,0,0,0,0,5,4,3,0,1,0,0,0,0,0,0,0,0,0,0,0
Trea Turner 46207,Trea Turner,7/4/2026,KC,Away,5,5,1,0,0,0,0,0,0,1,0,5,5,1,0,0,0,0,0,0,0,0,0,0,0,0,0
Bryce Harper 46208,Bryce Harper,7/5/2026,KC,Away,4,4,0,0,0,0,0,0,0,0,0,2,2,0,0,0,0,0,2,2,0,0,0,0,0,5,30
Kyle Schwarber 46208,Kyle Schwarber,7/5/2026,KC,Away,4,3,0,0,0,0,1,0,0,0,0,2,2,0,0,0,0,0,2,1,0,0,1,0,0,0,0
Trea Turner 46208,Trea Turner,7/5/2026,KC,Away,4,4,0,0,0,0,0,0,0,0,0,3,3,0,0,0,0,0,1,1,0,0,0,0,0,0,0
Bryce Harper 46209,Bryce Harper,7/6/2026,KC,Away,4,1,0,0,0,0,3,0,0,0,0,1,0,0,0,1,0,0,3,1,0,0,2,0,0,10,36
J.T. Realmuto 46209,J.T. Realmuto,7/6/2026,KC,Away,3,3,1,0,0,0,0,0,0,0,0,0,0,0,0,0,0,0,3,3,1,0,0,0,0,0,0
Kyle Schwarber 46209,Kyle Schwarber,7/6/2026,KC,Away,4,3,0,0,0,0,1,0,0,0,0,1,1,0,0,0,0,0,3,2,0,0,1,0,0,0,0
Trea Turner 46209,Trea Turner,7/6/2026,KC,Away,4,4,3,1,0,0,0,0,0,1,0,1,1,1,0,0,0,0,3,3,2,0,0,0,0,0,0
Bryce Harper 46210,Bryce Harper,7/7/2026,CIN,Away,4,4,0,0,0,0,0,0,0,0,0,0,0,0,0,0,0,0,4,4,0,0,0,0,0,8,34
J.T. Realmuto 46210,J.T. Realmuto,7/7/2026,CIN,Away,4,4,0,0,0,0,0,0,0,0,0,2,2,0,0,0,0,0,2,2,0,0,0,0,0,0,0
Kyle Schwarber 46210,Kyle Schwarber,7/7/2026,CIN,Away,4,4,2,0,0,1,0,0,0,1,2,0,0,0,0,0,0,0,4,4,2,1,0,0,0,0,0
Trea Turner 46210,Trea Turner,7/7/2026,CIN,Away,5,5,1,0,0,0,0,0,0,1,1,0,0,0,0,0,0,0,5,5,1,0,0,0,0,0,0
Bryce Harper 46211,Bryce Harper,7/8/2026,CIN,Away,5,3,0,0,0,0,2,0,0,1,0,4,3,0,0,1,0,0,1,0,0,0,1,0,0,8,32
J.T. Realmuto 46211,J.T. Realmuto,7/8/2026,CIN,Away,4,3,1,0,0,1,1,0,0,1,1,3,2,0,0,1,0,0,1,1,1,1,0,0,0,0,0
Kyle Schwarber 46211,Kyle Schwarber,7/8/2026,CIN,Away,5,4,1,0,0,1,1,0,0,1,1,4,3,1,1,1,0,0,1,1,0,0,0,0,0,0,0
Bryce Harper 46212,Bryce Harper,7/9/2026,CIN,Away,4,4,0,0,0,0,0,0,0,0,0,3,3,0,0,0,0,0,1,1,0,0,0,0,0,5,31
J.T. Realmuto 46212,J.T. Realmuto,7/9/2026,CIN,Away,3,3,0,0,0,0,0,0,0,0,0,3,3,0,0,0,0,0,0,0,0,0,0,0,0,0,0
Kyle Schwarber 46212,Kyle Schwarber,7/9/2026,CIN,Away,4,4,1,0,0,0,0,0,0,0,0,3,3,1,0,0,0,0,1,1,0,0,0,0,0,0,0
Trea Turner 46212,Trea Turner,7/9/2026,CIN,Away,4,3,0,0,0,0,1,0,0,0,0,4,3,0,0,1,0,0,0,0,0,0,0,0,0,0,0
Bryce Harper 46213,Bryce Harper,7/10/2026,DET,Away,4,3,0,0,0,0,1,0,0,1,0,4,3,0,0,1,0,0,0,0,0,0,0,0,0,4,32
Kyle Schwarber 46213,Kyle Schwarber,7/10/2026,DET,Away,4,3,0,0,0,0,1,0,0,0,0,3,2,0,0,1,0,0,1,1,0,0,0,0,0,0,0
Trea Turner 46213,Trea Turner,7/10/2026,DET,Away,4,4,0,0,0,0,0,0,0,0,0,4,4,0,0,0,0,0,0,0,0,0,0,0,0,0,0
Bryce Harper 46214,Bryce Harper,7/11/2026,DET,Away,4,4,2,1,0,0,0,0,0,0,0,3,3,2,0,0,0,0,1,1,0,0,0,0,0,7,32
J.T. Realmuto 46214,J.T. Realmuto,7/11/2026,DET,Away,4,4,1,1,0,0,0,0,0,1,2,4,4,1,0,0,0,0,0,0,0,0,0,0,0,0,0
Kyle Schwarber 46214,Kyle Schwarber,7/11/2026,DET,Away,4,4,1,0,0,0,0,0,0,0,0,3,3,0,0,0,0,0,1,1,1,0,0,0,0,0,0
Trea Turner 46214,Trea Turner,7/11/2026,DET,Away,4,2,0,0,0,0,1,0,1,0,1,4,2,0,0,1,0,1,0,0,0,0,0,0,0,0,0
Bryce Harper 46215,Bryce Harper,7/12/2026,DET,Away,5,5,1,0,0,0,0,0,0,1,0,1,1,0,0,0,0,0,4,4,1,0,0,0,0,9,35
J.T. Realmuto 46215,J.T. Realmuto,7/12/2026,DET,Away,4,3,2,1,0,0,0,1,0,2,3,2,2,1,0,0,0,0,2,1,1,0,0,1,0,0,0
Kyle Schwarber 46215,Kyle Schwarber,7/12/2026,DET,Away,5,5,2,0,0,0,0,0,0,0,1,1,1,0,0,0,0,0,4,4,2,0,0,0,0,0,0
Trea Turner 46215,Trea Turner,7/12/2026,DET,Away,5,4,1,0,0,0,1,0,0,0,0,1,1,1,0,0,0,0,4,3,0,0,1,0,0,0,0
Bryce Harper 46219,Bryce Harper,7/16/2026,NYM,Home,4,3,1,1,0,0,1,0,0,0,0,3,3,1,0,0,0,0,1,0,0,0,1,0,0,4,31
J.T. Realmuto 46219,J.T. Realmuto,7/16/2026,NYM,Home,3,3,1,0,0,0,0,0,0,0,0,3,3,1,0,0,0,0,0,0,0,0,0,0,0,0,0
Kyle Schwarber 46219,Kyle Schwarber,7/16/2026,NYM,Home,4,4,1,1,0,0,0,0,0,0,0,4,4,1,0,0,0,0,0,0,0,0,0,0,0,0,0
Trea Turner 46219,Trea Turner,7/16/2026,NYM,Home,4,4,1,0,0,1,0,0,0,1,1,4,4,1,1,0,0,0,0,0,0,0,0,0,0,0,0
Bryce Harper 46221,Bryce Harper,7/18/2026,NYM,Home,5,4,1,0,0,0,0,1,0,0,2,2,2,1,0,0,0,0,3,2,0,0,0,1,0,12,36
J.T. Realmuto 46221,J.T. Realmuto,7/18/2026,NYM,Home,4,3,2,0,0,0,1,0,0,0,0,2,1,1,0,1,0,0,2,2,1,0,0,0,0,0,0
Kyle Schwarber 46221,Kyle Schwarber,7/18/2026,NYM,Home,5,3,1,0,0,1,2,0,0,2,2,2,1,0,0,1,0,0,3,2,1,1,1,0,0,0,0
Trea Turner 46221,Trea Turner,7/18/2026,NYM,Home,5,4,3,0,0,1,1,0,0,3,1,2,1,1,0,1,0,0,3,3,2,1,0,0,0,0,0
Bryce Harper 46222,Bryce Harper,7/19/2026,NYM,Home,4,4,0,0,0,0,0,0,0,0,0,4,4,0,0,0,0,0,0,0,0,0,0,0,0,6,31
J.T. Realmuto 46222,J.T. Realmuto,7/19/2026,NYM,Home,4,4,1,0,0,0,0,0,0,0,0,2,2,0,0,0,0,0,2,2,1,0,0,0,0,0,0
Kyle Schwarber 46222,Kyle Schwarber,7/19/2026,NYM,Home,4,3,0,0,0,0,1,0,0,0,0,4,3,0,0,1,0,0,0,0,0,0,0,0,0,0,0
Trea Turner 46222,Trea Turner,7/19/2026,NYM,Home,4,3,1,1,0,0,1,0,0,0,0,4,3,1,0,1,0,0,0,0,0,0,0,0,0,0,0
Bryce Harper 46223,Bryce Harper,7/20/2026,LAD,Home,4,4,1,0,0,1,0,0,0,1,1,4,4,1,1,0,0,0,0,0,0,0,0,0,0,11,33
J.T. Realmuto 46223,J.T. Realmuto,7/20/2026,LAD,Home,4,4,1,0,0,0,0,0,0,1,0,4,4,1,0,0,0,0,0,0,0,0,0,0,0,0,0
Kyle Schwarber 46223,Kyle Schwarber,7/20/2026,LAD,Home,4,3,0,0,0,0,0,1,0,0,0,3,2,0,0,0,1,0,1,1,0,0,0,0,0,0,0
Trea Turner 46223,Trea Turner,7/20/2026,LAD,Home,5,5,3,1,0,2,0,0,0,2,5,4,4,2,1,0,0,0,1,1,1,1,0,0,0,0,0
Bryce Harper 46224,Bryce Harper,7/21/2026,LAD,Home,4,4,1,1,0,0,0,0,0,1,0,0,0,0,0,0,0,0,4,4,1,0,0,0,0,7,33
J.T. Realmuto 46224,J.T. Realmuto,7/21/2026,LAD,Home,4,4,1,1,0,0,0,0,0,0,0,0,0,0,0,0,0,0,4,4,1,0,0,0,0,0,0
Kyle Schwarber 46224,Kyle Schwarber,7/21/2026,LAD,Home,4,4,0,0,0,0,0,0,0,0,0,0,0,0,0,0,0,0,4,4,0,0,0,0,0,0,0
Trea Turner 46224,Trea Turner,7/21/2026,LAD,Home,4,4,1,0,0,0,0,0,0,0,0,1,1,0,0,0,0,0,3,3,1,0,0,0,0,0,0
Bryce Harper 46225,Bryce Harper,7/22/2026,LAD,Home,4,3,0,0,0,0,1,0,0,0,0,1,0,0,0,1,0,0,3,3,0,0,0,0,0,7,34
J.T. Realmuto 46225,J.T. Realmuto,7/22/2026,LAD,Home,1,1,1,0,0,0,0,0,0,0,1,1,1,1,0,0,0,0,0,0,0,0,0,0,0,0,0
Kyle Schwarber 46225,Kyle Schwarber,7/22/2026,LAD,Home,4,4,1,0,0,0,0,0,0,1,0,1,1,0,0,0,0,0,3,3,1,0,0,0,0,0,0
Trea Turner 46225,Trea Turner,7/22/2026,LAD,Home,5,4,0,0,0,0,1,0,0,1,0,2,1,0,0,1,0,0,3,3,0,0,0,0,0,0,0
Bryce Harper 46227,Bryce Harper,7/24/2026,NYY,Home,4,4,0,0,0,0,0,0,0,0,0,4,4,0,0,0,0,0,0,0,0,0,0,0,0,4,31
J.T. Realmuto 46227,J.T. Realmuto,7/24/2026,NYY,Home,3,3,2,0,0,0,0,0,0,0,0,3,3,2,0,0,0,0,0,0,0,0,0,0,0,0,0
Kyle Schwarber 46227,Kyle Schwarber,7/24/2026,NYY,Home,4,4,1,1,0,0,0,0,0,0,0,3,3,1,0,0,0,0,1,1,0,0,0,0,0,0,0
Trea Turner 46227,Trea Turner,7/24/2026,NYY,Home,4,4,0,0,0,0,0,0,0,0,0,3,3,0,0,0,0,0,1,1,0,0,0,0,0,0,0
Bryce Harper 46228,Bryce Harper,7/25/2026,NYY,Home,4,3,0,0,0,0,0,0,1,0,1,1,1,0,0,0,0,0,3,2,0,0,0,0,1,7,32
J.T. Realmuto 46228,J.T. Realmuto,7/25/2026,NYY,Home,4,3,2,0,0,0,1,0,0,0,0,2,2,1,0,0,0,0,2,1,1,0,1,0,0,0,0
Kyle Schwarber 46228,Kyle Schwarber,7/25/2026,NYY,Home,4,4,2,1,0,0,0,0,0,0,0,1,1,0,0,0,0,0,3,3,2,0,0,0,0,0,0
Trea Turner 46228,Trea Turner,7/25/2026,NYY,Home,4,3,1,0,0,0,0,1,1,0,0,1,1,0,0,0,0,0,3,2,1,0,0,1,0,0,0
Bryce Harper 46229,Bryce Harper,7/26/2026,NYY,Home,5,4,1,1,0,0,1,0,0,1,0,2,2,1,0,0,0,0,3,2,0,0,1,0,0,12,33
J.T. Realmuto 46229,J.T. Realmuto,7/26/2026,NYY,Home,4,4,0,0,0,0,0,0,0,0,0,3,3,0,0,0,0,0,1,1,0,0,0,0,0,0,0
Kyle Schwarber 46229,Kyle Schwarber,7/26/2026,NYY,Home,5,2,1,0,0,0,2,0,1,2,1,2,0,0,0,1,0,1,3,2,1,0,1,0,0,0,0
Trea Turner 46229,Trea Turner,7/26/2026,NYY,Home,5,5,2,0,1,0,0,0,0,2,1,2,2,1,0,0,0,0,3,3,1,0,0,0,0,0,0
Bryce Harper 46230,Bryce Harper,7/27/2026,MIA,Away,5,3,1,0,0,1,2,0,0,2,2,3,2,1,1,1,0,0,2,1,0,0,1,0,0,10,34
J.T. Realmuto 46230,J.T. Realmuto,7/27/2026,MIA,Away,4,2,1,1,0,0,0,1,1,1,2,3,2,1,0,0,1,0,1,0,0,0,0,0,1,0,0
Kyle Schwarber 46230,Kyle Schwarber,7/27/2026,MIA,Away,5,4,1,0,0,0,1,0,0,1,0,4,3,0,0,1,0,0,1,1,1,0,0,0,0,0,0
Trea Turner 46230,Trea Turner,7/27/2026,MIA,Away,5,5,1,0,0,0,0,0,0,0,0,5,5,1,0,0,0,0,0,0,0,0,0,0,0,0,0
Bryce Harper 46231,Bryce Harper,7/28/2026,MIA,Away,4,4,1,0,0,0,0,0,0,0,0,4,4,1,0,0,0,0,0,0,0,0,0,0,0,4,32
Trea Turner 46231,Trea Turner,7/28/2026,MIA,Away,4,4,0,0,0,0,0,0,0,0,0,4,4,0,0,0,0,0,0,0,0,0,0,0,0,0,0
Bryce Harper 46232,Bryce Harper,7/29/2026,MIA,Away,4,4,1,0,1,0,0,0,0,1,1,3,3,1,0,0,0,0,1,1,0,0,0,0,0,9,32
J.T. Realmuto 46232,J.T. Realmuto,7/29/2026,MIA,Away,4,3,0,0,0,0,1,0,0,1,0,4,3,0,0,1,0,0,0,0,0,0,0,0,0,0,0
Trea Turner 46232,Trea Turner,7/29/2026,MIA,Away,5,5,2,0,0,1,0,0,0,1,1,4,4,2,1,0,0,0,1,1,0,0,0,0,0,0,0
Bryce Harper 46234,Bryce Harper,7/31/2026,BAL,Away,4,4,1,0,0,0,0,0,0,0,1,4,4,1,0,0,0,0,0,0,0,0,0,0,0,6,33
J.T. Realmuto 46234,J.T. Realmuto,7/31/2026,BAL,Away,4,4,1,0,0,1,0,0,0,1,1,4,4,1,1,0,0,0,0,0,0,0,0,0,0,0,0
Kyle Schwarber 46234,Kyle Schwarber,7/31/2026,BAL,Away,4,2,0,0,0,0,2,0,0,1,0,4,2,0,0,2,0,0,0,0,0,0,0,0,0,0,0
Trea Turner 46234,Trea Turner,7/31/2026,BAL,Away,4,4,3,0,0,1,0,0,0,2,1,4,4,3,1,0,0,0,0,0,0,0,0,0,0,0,0
Bryce Harper 46235,Bryce Harper,8/1/2026,BAL,Away,5,4,2,1,0,0,1,0,0,1,0,4,4,2,0,0,0,0,1,0,0,0,1,0,0,10,36
J.T. Realmuto 46235,J.T. Realmuto,8/1/2026,BAL,Away,5,4,0,0,0,0,1,0,0,1,0,5,4,0,0,1,0,0,0,0,0,0,0,0,0,0,0
Kyle Schwarber 46235,Kyle Schwarber,8/1/2026,BAL,Away,5,4,0,0,0,0,1,0,0,1,0,4,4,0,0,0,0,0,1,0,0,0,1,0,0,0,0
Trea Turner 46235,Trea Turner,8/1/2026,BAL,Away,5,5,2,1,0,0,0,0,0,0,0,4,4,2,0,0,0,0,1,1,0,0,0,0,0,0,0
Bryce Harper 46236,Bryce Harper,8/2/2026,BAL,Away,4,3,1,0,0,1,1,0,0,1,1,3,2,0,0,1,0,0,1,1,1,1,0,0,0,9,23
J.T. Realmuto 46236,J.T. Realmuto,8/2/2026,BAL,Away,3,2,1,0,0,0,1,0,0,1,0,3,2,1,0,1,0,0,0,0,0,0,0,0,0,0,0
Kyle Schwarber 46236,Kyle Schwarber,8/2/2026,BAL,Away,4,2,0,0,0,0,1,0,1,0,1,3,1,0,0,1,0,1,1,1,0,0,0,0,0,0,0
Trea Turner 46236,Trea Turner,8/2/2026,BAL,Away,4,3,1,0,0,0,1,0,0,0,0,4,3,1,0,1,0,0,0,0,0,0,0,0,0,0,0
Bryce Harper 46237,Bryce Harper,8/3/2026,WSH,Home,4,4,1,0,0,1,0,0,0,1,2,1,1,1,1,0,0,0,3,3,0,0,0,0,0,5,27
Kyle Schwarber 46237,Kyle Schwarber,8/3/2026,WSH,Home,4,2,0,0,0,0,2,0,0,0,0,1,0,0,0,1,0,0,3,2,0,0,1,0,0,0,0
Trea Turner 46237,Trea Turner,8/3/2026,WSH,Home,4,4,0,0,0,0,0,0,0,0,0,0,0,0,0,0,0,0,4,4,0,0,0,0,0,0,0
Bryce Harper 46238,Bryce Harper,8/4/2026,WSH,Home,4,2,0,0,0,0,2,0,0,1,0,3,2,0,0,1,0,0,1,0,0,0,1,0,0,11,33
J.T. Realmuto 46238,J.T. Realmuto,8/4/2026,WSH,Home,4,4,0,0,0,0,0,0,0,0,0,4,4,0,0,0,0,0,0,0,0,0,0,0,0,0,0
Kyle Schwarber 46238,Kyle Schwarber,8/4/2026,WSH,Home,4,4,0,0,0,0,0,0,0,0,0,3,3,0,0,0,0,0,1,1,0,0,0,0,0,0,0
Trea Turner 46238,Trea Turner,8/4/2026,WSH,Home,4,4,3,0,0,0,0,0,0,2,1,3,3,2,0,0,0,0,1,1,1,0,0,0,0,0,0
Bryce Harper 46239,Bryce Harper,8/5/2026,WSH,Home,5,3,0,0,0,0,2,0,0,0,0,3,2,0,0,1,0,0,2,1,0,0,1,0,0,5,33
J.T. Realmuto 46239,J.T. Realmuto,8/5/2026,WSH,Home,4,4,1,0,0,0,0,0,0,0,0,4,4,1,0,0,0,0,0,0,0,0,0,0,0,0,0
Kyle Schwarber 46239,Kyle Schwarber,8/5/2026,WSH,Home,5,3,0,0,0,0,1,1,0,0,0,4,3,0,0,1,0,0,1,0,0,0,0,1,0,0,0
Trea Turner 46239,Trea Turner,8/5/2026,WSH,Home,5,4,0,0,0,0,0,0,1,0,1,4,3,0,0,0,0,1,1,1,0,0,0,0,0,0,0
Bryce Harper 46240,Bryce Harper,8/6/2026,WSH,Home,4,3,2,1,0,0,1,0,0,2,0,4,3,2,0,1,0,0,0,0,0,0,0,0,0,16,35
J.T. Realmuto 46240,J.T. Realmuto,8/6/2026,WSH,Home,4,4,2,1,0,0,0,0,0,2,1,4,4,2,0,0,0,0,0,0,0,0,0,0,0,0,0
Kyle Schwarber 46240,Kyle Schwarber,8/6/2026,WSH,Home,5,5,2,0,0,0,0,0,0,0,1,5,5,2,0,0,0,0,0,0,0,0,0,0,0,0,0
Trea Turner 46240,Trea Turner,8/6/2026,WSH,Home,5,5,2,1,0,0,0,0,0,1,0,5,5,2,0,0,0,0,0,0,0,0,0,0,0,0,0
Bryce Harper 46241,Bryce Harper,8/7/2026,TOR,Home,5,4,2,0,0,0,1,0,0,0,2,3,3,2,0,0,0,0,2,1,0,0,1,0,0,5,31
J.T. Realmuto 46241,J.T. Realmuto,8/7/2026,TOR,Home,4,4,1,0,0,0,0,0,0,0,0,4,4,1,0,0,0,0,0,0,0,0,0,0,0,0,0
Kyle Schwarber 46241,Kyle Schwarber,8/7/2026,TOR,Home,5,5,1,1,0,0,0,0,0,1,0,4,4,1,0,0,0,0,1,1,0,0,0,0,0,0,0
Trea Turner 46241,Trea Turner,8/7/2026,TOR,Home,5,4,0,0,0,0,1,0,0,0,1,4,4,0,0,0,0,0,1,0,0,0,1,0,0,0,0
